
-- * 1. `SSI_OBJETIVOS_ESPECIFICOS`:
INSERT INTO SSI_OBJETIVOS_ESPECIFICOS(OE_ID_OBJETIVO, SI_ID_SERVIVIO, OE_NOMBRE, OE_DESCRIPCION, OE_USU_REGISTRA) VALUES(1,2,'Objetivo específico I','Promover habilidades de comunicación en las familias y prácticas de crianza saludables para la prevención del riesgo de desprotección familiar.',1);
INSERT INTO SSI_OBJETIVOS_ESPECIFICOS(OE_ID_OBJETIVO, SI_ID_SERVIVIO, OE_NOMBRE, OE_DESCRIPCION, OE_USU_REGISTRA) VALUES(2,2,'Objetivo específico II','Fortalecer las relaciones igualitarias, la corresponsabilidad familiar y la paternidad activa para la prevención del riesgo de desprotección familiar.',1);
INSERT INTO SSI_OBJETIVOS_ESPECIFICOS(OE_ID_OBJETIVO, SI_ID_SERVIVIO, OE_NOMBRE, OE_DESCRIPCION, OE_USU_REGISTRA) VALUES(3,2,'Objetivo específico III','Promover capacidades y habilidades esenciales para el desarrollo personal y la organización de la economía familiar.',1);
INSERT INTO SSI_OBJETIVOS_ESPECIFICOS(OE_ID_OBJETIVO, SI_ID_SERVIVIO, OE_NOMBRE, OE_DESCRIPCION, OE_USU_REGISTRA) VALUES(4,2,'Objetivo Específico IV','Impulsar alianzas estratégicas para la activación y acceso equitativo a redes de soporte de familias y parejas.',1);
INSERT INTO SSI_OBJETIVOS_ESPECIFICOS(OE_ID_OBJETIVO, SI_ID_SERVIVIO, OE_NOMBRE, OE_DESCRIPCION, OE_USU_REGISTRA) VALUES(5,3,'SESIONES GENERALES','01_SESIONES GENERALES',1);
INSERT INTO SSI_OBJETIVOS_ESPECIFICOS(OE_ID_OBJETIVO, SI_ID_SERVIVIO, OE_NOMBRE, OE_DESCRIPCION, OE_USU_REGISTRA) VALUES(6,3,'COMPETENCIAS VINCULARES','02_COMPETENCIAS VINCULARES',1);
INSERT INTO SSI_OBJETIVOS_ESPECIFICOS(OE_ID_OBJETIVO, SI_ID_SERVIVIO, OE_NOMBRE, OE_DESCRIPCION, OE_USU_REGISTRA) VALUES(7,3,'COMPETENCIAS FORMATIVAS','03_COMPETENCIAS FORMATIVAS',1);
INSERT INTO SSI_OBJETIVOS_ESPECIFICOS(OE_ID_OBJETIVO, SI_ID_SERVIVIO, OE_NOMBRE, OE_DESCRIPCION, OE_USU_REGISTRA) VALUES(8,3,'COMPETENCIAS PROTECTORAS','04_COMPETENCIAS PROTECTORAS',1);
INSERT INTO SSI_OBJETIVOS_ESPECIFICOS(OE_ID_OBJETIVO, SI_ID_SERVIVIO, OE_NOMBRE, OE_DESCRIPCION, OE_USU_REGISTRA) VALUES(9,3,'COMPETENCIAS REFLEXIVAS','05_COMPETENCIAS REFLEXIVAS',1);
INSERT INTO SSI_OBJETIVOS_ESPECIFICOS(OE_ID_OBJETIVO, SI_ID_SERVIVIO, OE_NOMBRE, OE_DESCRIPCION, OE_USU_REGISTRA) VALUES(10,3,'SESIONES DE ORIENTACIÓN/ACOMPAÑAMIENTO','06_SESIONES DE ORIENTACIÓN/ACOMPAÑAMIENTO',1);
INSERT INTO SSI_OBJETIVOS_ESPECIFICOS(OE_ID_OBJETIVO, SI_ID_SERVIVIO, OE_NOMBRE, OE_DESCRIPCION, OE_USU_REGISTRA) VALUES(11,3,'SESIONES DE EVALUACIÓN','07_SESIONES DE EVALUACIÓN',1);
INSERT INTO SSI_OBJETIVOS_ESPECIFICOS(OE_ID_OBJETIVO, SI_ID_SERVIVIO, OE_NOMBRE, OE_DESCRIPCION, OE_USU_REGISTRA) VALUES(12,3,'REPASO Y CIERRE','08_REPASO Y CIERRE',1);
INSERT INTO SSI_OBJETIVOS_ESPECIFICOS(OE_ID_OBJETIVO, SI_ID_SERVIVIO, OE_NOMBRE, OE_DESCRIPCION, OE_USU_REGISTRA) VALUES(13,3,'PREVENIR PARA PROTEGER','09_PREVENIR PARA PROTEGER',1);
INSERT INTO SSI_OBJETIVOS_ESPECIFICOS(OE_ID_OBJETIVO, SI_ID_SERVIVIO, OE_NOMBRE, OE_DESCRIPCION, OE_USU_REGISTRA) VALUES(14,1,'Objetivo específico CEDIF','Objetivo epecifico de prueba para cedif',1);


-- * 2. `SSI_MODULOS`:
INSERT INTO SSI_MODULOS(MO_ID_MODULO, OE_ID_OBJETIVO, MO_NOMBRE, MO_DESCRIPCION, MO_USU_REGISTRA) VALUES(1,1,'MODULO 1','POTENCIANDO HABILIDADES PARA UNA CRIANZA SALUDABLE',1);
INSERT INTO SSI_MODULOS(MO_ID_MODULO, OE_ID_OBJETIVO, MO_NOMBRE, MO_DESCRIPCION, MO_USU_REGISTRA) VALUES(2,1,'MODULO 2','FORTALECIENDO LA PARENTALIDAD Y EL VÍNCULO AFECTIVO',1);
INSERT INTO SSI_MODULOS(MO_ID_MODULO, OE_ID_OBJETIVO, MO_NOMBRE, MO_DESCRIPCION, MO_USU_REGISTRA) VALUES(3,2,'MODULO 3','RECONOCIENDO LA PATERNIDAD ACTIVA Y LA RESPONSABILIDAD COMPARTIDA',1);
INSERT INTO SSI_MODULOS(MO_ID_MODULO, OE_ID_OBJETIVO, MO_NOMBRE, MO_DESCRIPCION, MO_USU_REGISTRA) VALUES(4,2,'MODULO 4','CONVIVENCIA Y RELACIONES POSITIVAS EN LA PAREJA',1);
INSERT INTO SSI_MODULOS(MO_ID_MODULO, OE_ID_OBJETIVO, MO_NOMBRE, MO_DESCRIPCION, MO_USU_REGISTRA) VALUES(5,3,'MODULO 5','DESARROLLO PERSONAL PARA LA PROMOCIÓN DE LA ORGANIZACIÓN DE LA ECONOMÍA FAMILIAR Y LA PREVENCIÓN DE CONDUCTAS DE RIESGO',1);
INSERT INTO SSI_MODULOS(MO_ID_MODULO, OE_ID_OBJETIVO, MO_NOMBRE, MO_DESCRIPCION, MO_USU_REGISTRA) VALUES(6,14,'COMPETENCIAS VINCULARES','COMPETENCIAS VINCULARES',1);
INSERT INTO SSI_MODULOS(MO_ID_MODULO, OE_ID_OBJETIVO, MO_NOMBRE, MO_DESCRIPCION, MO_USU_REGISTRA) VALUES(7,14,'COMPETENCIAS FORMATIVAS','COMPETENCIAS FORMATIVAS',1);
INSERT INTO SSI_MODULOS(MO_ID_MODULO, OE_ID_OBJETIVO, MO_NOMBRE, MO_DESCRIPCION, MO_USU_REGISTRA) VALUES(8,14,'COMPETENCIAS PROTECTORAS','COMPETENCIAS PROTECTORAS',1);
INSERT INTO SSI_MODULOS(MO_ID_MODULO, OE_ID_OBJETIVO, MO_NOMBRE, MO_DESCRIPCION, MO_USU_REGISTRA) VALUES(9,14,'COMPETENCIAS REFLEXIVAS','COMPETENCIAS REFLEXIVAS',1);


-- * 3. `SSI_UNIDADES`:
INSERT INTO SSI_UNIDADES(UN_ID_UNIDAD, MO_ID_MODULO, UN_NOMBRE, UN_DESCRIPCION, UN_USU_REGISTRA) VALUES(1,1,'UNIDAD 1','Previniendo las prácticas inadecuadas de crianza',1);
INSERT INTO SSI_UNIDADES(UN_ID_UNIDAD, MO_ID_MODULO, UN_NOMBRE, UN_DESCRIPCION, UN_USU_REGISTRA) VALUES(2,1,'UNIDAD 2','Fortaleciendo la comunicación en las familias',1);
INSERT INTO SSI_UNIDADES(UN_ID_UNIDAD, MO_ID_MODULO, UN_NOMBRE, UN_DESCRIPCION, UN_USU_REGISTRA) VALUES(3,1,'UNIDAD 3','Promoviendo el empoderamiento en mujeres cabeza de familia',1);
INSERT INTO SSI_UNIDADES(UN_ID_UNIDAD, MO_ID_MODULO, UN_NOMBRE, UN_DESCRIPCION, UN_USU_REGISTRA) VALUES(4,2,'UNIDAD 1','Previniendo las prácticas inadecuadas de crianza',1);
INSERT INTO SSI_UNIDADES(UN_ID_UNIDAD, MO_ID_MODULO, UN_NOMBRE, UN_DESCRIPCION, UN_USU_REGISTRA) VALUES(5,2,'UNIDAD 2','Fortaleciendo el vínculo materno infantil para prevenir el riesgo de desprotección en la etapa pre y postnatal',1);
INSERT INTO SSI_UNIDADES(UN_ID_UNIDAD, MO_ID_MODULO, UN_NOMBRE, UN_DESCRIPCION, UN_USU_REGISTRA) VALUES(6,3,'UNIDAD 1','Derechos, Responsabilidades y obligaciones en la familia',1);
INSERT INTO SSI_UNIDADES(UN_ID_UNIDAD, MO_ID_MODULO, UN_NOMBRE, UN_DESCRIPCION, UN_USU_REGISTRA) VALUES(7,3,'UNIDAD 2','Fortaleciendo la corresponsabilidad en la familia',1);
INSERT INTO SSI_UNIDADES(UN_ID_UNIDAD, MO_ID_MODULO, UN_NOMBRE, UN_DESCRIPCION, UN_USU_REGISTRA) VALUES(8,4,'UNIDAD 1','Previniendo los comportamientos que afectan la convivencia y relaciones positivas en pareja',1);
INSERT INTO SSI_UNIDADES(UN_ID_UNIDAD, MO_ID_MODULO, UN_NOMBRE, UN_DESCRIPCION, UN_USU_REGISTRA) VALUES(9,4,'UNIDAD 2','Fortaleciendo competencias parentales para una comunicación asertiva y la resolución de conflictos en la pareja',1);
INSERT INTO SSI_UNIDADES(UN_ID_UNIDAD, MO_ID_MODULO, UN_NOMBRE, UN_DESCRIPCION, UN_USU_REGISTRA) VALUES(10,4,'UNIDAD 3','Fortaleciendo a las parejas para prevenir las circunstancias de riesgo de desprotección familiar',1);
INSERT INTO SSI_UNIDADES(UN_ID_UNIDAD, MO_ID_MODULO, UN_NOMBRE, UN_DESCRIPCION, UN_USU_REGISTRA) VALUES(11,5,'UNIDAD 1','Promoviendo la articulación con aliados estratégicos para la organización de la economía',1);
INSERT INTO SSI_UNIDADES(UN_ID_UNIDAD, MO_ID_MODULO, UN_NOMBRE, UN_DESCRIPCION, UN_USU_REGISTRA) VALUES(12,5,'UNIDAD 2','Promoviendo habilidades para la vida y previniendo las conductas de riesgo',1);



-- * 4. `SSI_TEMAS`:
INSERT INTO SSI_TEMAS(TE_ID_TEMA, UN_ID_UNIDAD, TE_NOMBRE, TE_DESCRIPCION, TE_USU_REGISTRA) VALUES(1,11,'Promoción del Emprendimiento Familiar','',1);
INSERT INTO SSI_TEMAS(TE_ID_TEMA, UN_ID_UNIDAD, TE_NOMBRE, TE_DESCRIPCION, TE_USU_REGISTRA) VALUES(2,11,'Educación financiera','* Taller: Goleando a mis deudas.
* Implementación de cartillas “Organización del presupuesto familiar en mi hogar”',1);
INSERT INTO SSI_TEMAS(TE_ID_TEMA, UN_ID_UNIDAD, TE_NOMBRE, TE_DESCRIPCION, TE_USU_REGISTRA) VALUES(3,11,'Orientación laboral','',1);
INSERT INTO SSI_TEMAS(TE_ID_TEMA, UN_ID_UNIDAD, TE_NOMBRE, TE_DESCRIPCION, TE_USU_REGISTRA) VALUES(4,12,'Liderazgo empático','* Taller: Fortalecimiento de la empatía
* Taller: Estableciendo nuestras convicciones
* Taller: Descubriendo mi FODA personal',1);
INSERT INTO SSI_TEMAS(TE_ID_TEMA, UN_ID_UNIDAD, TE_NOMBRE, TE_DESCRIPCION, TE_USU_REGISTRA) VALUES(5,12,'Pensamiento reflexivo','* Taller: Promoviendo el pensamiento reflexivo',1);
INSERT INTO SSI_TEMAS(TE_ID_TEMA, UN_ID_UNIDAD, TE_NOMBRE, TE_DESCRIPCION, TE_USU_REGISTRA) VALUES(6,12,'Proyecto de vida','* Taller: ¿Cómo llegamos hasta aquí?
* Taller: ¿Qué nos toca hacer?
* Taller: Prácticas saludables para la resolución de conflictos
* Taller: Fortaleciendo mi autoconocimiento y cuidado personal',1);

-- * 5. `SSI_UNIDAD_SESIONES`
INSERT INTO SSI_UNIDAD_SESIONES(UN_ID_UNIDAD, SE_NOMBRE, SE_DESCRIPCION, SE_USU_REGISTRA) VALUES(1,'Sesión I','Parentalidad positiva (consejería)',1);
INSERT INTO SSI_UNIDAD_SESIONES(UN_ID_UNIDAD, SE_NOMBRE, SE_DESCRIPCION, SE_USU_REGISTRA) VALUES(1,'Sesión II','Prevención del castigo físico y humillante, y de circunstancias de riesgo de desprotección (Consejería)',1);
INSERT INTO SSI_UNIDAD_SESIONES(UN_ID_UNIDAD, SE_NOMBRE, SE_DESCRIPCION, SE_USU_REGISTRA) VALUES(1,'Sesión III','Gestión de las emociones frente a las crisis familiares (Consejería)',1);
INSERT INTO SSI_UNIDAD_SESIONES(UN_ID_UNIDAD, SE_NOMBRE, SE_DESCRIPCION, SE_USU_REGISTRA) VALUES(2,'Sesión I','Comunicación asertiva en la familia (Consejería)',1);
INSERT INTO SSI_UNIDAD_SESIONES(UN_ID_UNIDAD, SE_NOMBRE, SE_DESCRIPCION, SE_USU_REGISTRA) VALUES(2,'Sesión II','El dialogo como herramienta para la resolución de conflictos en la familia (Consejería)',1);
INSERT INTO SSI_UNIDAD_SESIONES(UN_ID_UNIDAD, SE_NOMBRE, SE_DESCRIPCION, SE_USU_REGISTRA) VALUES(2,'Sesión III','La familia y sus habilidades para la comunicación eficaz',1);
INSERT INTO SSI_UNIDAD_SESIONES(UN_ID_UNIDAD, SE_NOMBRE, SE_DESCRIPCION, SE_USU_REGISTRA) VALUES(3,'Sesión I','Sentirnos mejor con nosotras mismas',1);
INSERT INTO SSI_UNIDAD_SESIONES(UN_ID_UNIDAD, SE_NOMBRE, SE_DESCRIPCION, SE_USU_REGISTRA) VALUES(3,'Sesión II','La importancia de conservar una identidad propia “El ser única”',1);
INSERT INTO SSI_UNIDAD_SESIONES(UN_ID_UNIDAD, SE_NOMBRE, SE_DESCRIPCION, SE_USU_REGISTRA) VALUES(3,'Sesión III','Aprendiendo a prevenir la violencia en mi familia',1);
INSERT INTO SSI_UNIDAD_SESIONES(UN_ID_UNIDAD, SE_NOMBRE, SE_DESCRIPCION, SE_USU_REGISTRA) VALUES(4,'Sesión I','Competencias parentales (Consejería)',1);
INSERT INTO SSI_UNIDAD_SESIONES(UN_ID_UNIDAD, SE_NOMBRE, SE_DESCRIPCION, SE_USU_REGISTRA) VALUES(4,'Sesión II','Estilos de Crianza saludables sin riesgo de desprotección (Consejería)',1);
INSERT INTO SSI_UNIDAD_SESIONES(UN_ID_UNIDAD, SE_NOMBRE, SE_DESCRIPCION, SE_USU_REGISTRA) VALUES(4,'Sesión III','Control de factores estresores para una crianza saludable (Consejería)',1);
INSERT INTO SSI_UNIDAD_SESIONES(UN_ID_UNIDAD, SE_NOMBRE, SE_DESCRIPCION, SE_USU_REGISTRA) VALUES(5,'Sesión I','Soporte afectivo en la etapa pre y post natal (Consejería)',1);
INSERT INTO SSI_UNIDAD_SESIONES(UN_ID_UNIDAD, SE_NOMBRE, SE_DESCRIPCION, SE_USU_REGISTRA) VALUES(5,'Sesión II','Desarrollo del apego seguro en la etapa pre y post natal en el núcleo familiar (Consejería)',1);
INSERT INTO SSI_UNIDAD_SESIONES(UN_ID_UNIDAD, SE_NOMBRE, SE_DESCRIPCION, SE_USU_REGISTRA) VALUES(5,'Sesión III','Gestión de emociones a cuidadores principales para prevenir el riesgo de desprotección contra niñas y niños. (Consejería)',1);
INSERT INTO SSI_UNIDAD_SESIONES(UN_ID_UNIDAD, SE_NOMBRE, SE_DESCRIPCION, SE_USU_REGISTRA) VALUES(6,'Sesión I','Mitos y datos sobre los roles de género en la familia (Consejería)',1);
INSERT INTO SSI_UNIDAD_SESIONES(UN_ID_UNIDAD, SE_NOMBRE, SE_DESCRIPCION, SE_USU_REGISTRA) VALUES(6,'Sesión II','Efectos negativos del incumplimiento de los derechos y deberes como parte del funcionamiento familiar (Consejería)',1);
INSERT INTO SSI_UNIDAD_SESIONES(UN_ID_UNIDAD, SE_NOMBRE, SE_DESCRIPCION, SE_USU_REGISTRA) VALUES(6,'Sesión III','Recomendaciones para el cumplimiento de las funciones familiares (Consejería)',1);
INSERT INTO SSI_UNIDAD_SESIONES(UN_ID_UNIDAD, SE_NOMBRE, SE_DESCRIPCION, SE_USU_REGISTRA) VALUES(7,'Sesión I','Relaciones igualitarias y la organización de las tareas dentro del hogar (Consejería)',1);
INSERT INTO SSI_UNIDAD_SESIONES(UN_ID_UNIDAD, SE_NOMBRE, SE_DESCRIPCION, SE_USU_REGISTRA) VALUES(7,'Sesión II','Ventajas de una paternidad activa. (Consejería)',1);
INSERT INTO SSI_UNIDAD_SESIONES(UN_ID_UNIDAD, SE_NOMBRE, SE_DESCRIPCION, SE_USU_REGISTRA) VALUES(7,'Sesión III','Consejería para impulsar la práctica corresponsable de varones y mujeres. (Consejería)',1);
INSERT INTO SSI_UNIDAD_SESIONES(UN_ID_UNIDAD, SE_NOMBRE, SE_DESCRIPCION, SE_USU_REGISTRA) VALUES(8,'Sesión I','Deconstruyendo los mitos y creencias sociales que afectan las relaciones de pareja. (Consejería)',1);
INSERT INTO SSI_UNIDAD_SESIONES(UN_ID_UNIDAD, SE_NOMBRE, SE_DESCRIPCION, SE_USU_REGISTRA) VALUES(8,'Sesión II','Creando comportamiento y hábitos que promuevan las relaciones igualitarias en las parejas (Consejería).',1);
INSERT INTO SSI_UNIDAD_SESIONES(UN_ID_UNIDAD, SE_NOMBRE, SE_DESCRIPCION, SE_USU_REGISTRA) VALUES(9,'Sesión I','Reflexionando sobre mi historia (Consejería)',1);
INSERT INTO SSI_UNIDAD_SESIONES(UN_ID_UNIDAD, SE_NOMBRE, SE_DESCRIPCION, SE_USU_REGISTRA) VALUES(9,'Sesión II','Control de emociones para la resolución de conflictos. (Consejería).',1);
INSERT INTO SSI_UNIDAD_SESIONES(UN_ID_UNIDAD, SE_NOMBRE, SE_DESCRIPCION, SE_USU_REGISTRA) VALUES(10,'Sesión I','El buen trato en las parejas (Consejería).',1);
INSERT INTO SSI_UNIDAD_SESIONES(UN_ID_UNIDAD, SE_NOMBRE, SE_DESCRIPCION, SE_USU_REGISTRA) VALUES(10,'Sesión II','Consejos para una relación saludable en las parejas. (Consejería)',1);


-- ? ACERCANDONOS
INSERT INTO SSI_UNIDAD_SESIONES(OE_ID_OBJETIVO, SE_NOMBRE, SE_DESCRIPCION, SE_USU_REGISTRA) VALUES(5,'DIAG001-DIAGNOSTICO','',1);
INSERT INTO SSI_UNIDAD_SESIONES(OE_ID_OBJETIVO, SE_NOMBRE, SE_DESCRIPCION, SE_USU_REGISTRA) VALUES(5,'PLAN DE ACCION FAMILIAR/IDENTIFICANDO MIS OBJETIVOS DE CRIANZA','',1);
INSERT INTO SSI_UNIDAD_SESIONES(OE_ID_OBJETIVO, SE_NOMBRE, SE_DESCRIPCION, SE_USU_REGISTRA) VALUES(5,'SES000-SESION DE ENCUADRE','',1);
INSERT INTO SSI_UNIDAD_SESIONES(OE_ID_OBJETIVO, SE_NOMBRE, SE_DESCRIPCION, SE_USU_REGISTRA) VALUES(6,'GEN004-BRINDAR CALIDEZ EN LA CRIANZA','',1);
INSERT INTO SSI_UNIDAD_SESIONES(OE_ID_OBJETIVO, SE_NOMBRE, SE_DESCRIPCION, SE_USU_REGISTRA) VALUES(6,'GEN006-LA CALIDEZ Y LA ESTRUCTURA EN LA CRIANZA','',1);
INSERT INTO SSI_UNIDAD_SESIONES(OE_ID_OBJETIVO, SE_NOMBRE, SE_DESCRIPCION, SE_USU_REGISTRA) VALUES(6,'TL-IM-001-LA ALIMENTACION RESPETUOSA','',1);
INSERT INTO SSI_UNIDAD_SESIONES(OE_ID_OBJETIVO, SE_NOMBRE, SE_DESCRIPCION, SE_USU_REGISTRA) VALUES(6,'TL-IM-002-INTERACCIONES DE CALIDAD: LEER, CONTAR Y ESCRIBIR','',1);
INSERT INTO SSI_UNIDAD_SESIONES(OE_ID_OBJETIVO, SE_NOMBRE, SE_DESCRIPCION, SE_USU_REGISTRA) VALUES(6,'TL-IM-005-JUEGOS CASEROS Y JUEGOS DE MESA','',1);
INSERT INTO SSI_UNIDAD_SESIONES(OE_ID_OBJETIVO, SE_NOMBRE, SE_DESCRIPCION, SE_USU_REGISTRA) VALUES(6,'TL-IM-015-AFRONTAR LOS MIEDOS EN LA INFANCIA MEDIA','',1);
INSERT INTO SSI_UNIDAD_SESIONES(OE_ID_OBJETIVO, SE_NOMBRE, SE_DESCRIPCION, SE_USU_REGISTRA) VALUES(6,'TL-IM-019-AFRONTAR LA PERDIDA DE UN SER QUERIDO','',1);
INSERT INTO SSI_UNIDAD_SESIONES(OE_ID_OBJETIVO, SE_NOMBRE, SE_DESCRIPCION, SE_USU_REGISTRA) VALUES(6,'TL-IM-020-ACOMPAÑAR EN LA TRANSICION DE LA INFANCIA MEDIA A LA ADOLESCENCIA','',1);
INSERT INTO SSI_UNIDAD_SESIONES(OE_ID_OBJETIVO, SE_NOMBRE, SE_DESCRIPCION, SE_USU_REGISTRA) VALUES(6,'TL-PI-009-DESTETE RESPETUOSO','',1);
INSERT INTO SSI_UNIDAD_SESIONES(OE_ID_OBJETIVO, SE_NOMBRE, SE_DESCRIPCION, SE_USU_REGISTRA) VALUES(6,'TL-PI-015-MANEJO DEL MIEDO INFANTIL','',1);
INSERT INTO SSI_UNIDAD_SESIONES(OE_ID_OBJETIVO, SE_NOMBRE, SE_DESCRIPCION, SE_USU_REGISTRA) VALUES(6,'TL-PI-020-ACOMPAÑAR EL DUELO EN LA INFANCIA','',1);
INSERT INTO SSI_UNIDAD_SESIONES(OE_ID_OBJETIVO, SE_NOMBRE, SE_DESCRIPCION, SE_USU_REGISTRA) VALUES(6,'TL-PA-009-¿COMO HABLAR CON SU HIJO O HIJA ADOLESCENTE?','',1);
INSERT INTO SSI_UNIDAD_SESIONES(OE_ID_OBJETIVO, SE_NOMBRE, SE_DESCRIPCION, SE_USU_REGISTRA) VALUES(6,'TL-PA-010-¿COMO MOSTRAR AFECTO A TU HIJO ADOLESCENTE?','',1);
INSERT INTO SSI_UNIDAD_SESIONES(OE_ID_OBJETIVO, SE_NOMBRE, SE_DESCRIPCION, SE_USU_REGISTRA) VALUES(6,'TL-PA-016-DUELO ADOLESCENTE','',1);
INSERT INTO SSI_UNIDAD_SESIONES(OE_ID_OBJETIVO, SE_NOMBRE, SE_DESCRIPCION, SE_USU_REGISTRA) VALUES(7,'GEN005-BRINDAR ESTRUCTURA EN LA CRIANZA','',1);
INSERT INTO SSI_UNIDAD_SESIONES(OE_ID_OBJETIVO, SE_NOMBRE, SE_DESCRIPCION, SE_USU_REGISTRA) VALUES(7,'GEN011-PRAC001-APLICANDO LA CRIANZA POSITIVA EN NIÑOS DE 6 A 9 AÑOS','',1);
INSERT INTO SSI_UNIDAD_SESIONES(OE_ID_OBJETIVO, SE_NOMBRE, SE_DESCRIPCION, SE_USU_REGISTRA) VALUES(7,'GEN012-PRAC001-APLICANDO LA CRIANZA POSITIVA EN NIÑOS DE 10 A 13 AÑOS','',1);
INSERT INTO SSI_UNIDAD_SESIONES(OE_ID_OBJETIVO, SE_NOMBRE, SE_DESCRIPCION, SE_USU_REGISTRA) VALUES(7,'TL-IM-003-COMO ACOMPAÑAR EN LOS ESTUDIOS: HABITOS Y ORGANIZACION','',1);
INSERT INTO SSI_UNIDAD_SESIONES(OE_ID_OBJETIVO, SE_NOMBRE, SE_DESCRIPCION, SE_USU_REGISTRA) VALUES(7,'TL-IM-004-OCIO Y TIEMPO LIBRE','',1);
INSERT INTO SSI_UNIDAD_SESIONES(OE_ID_OBJETIVO, SE_NOMBRE, SE_DESCRIPCION, SE_USU_REGISTRA) VALUES(7,'TL-IM-008-RUTINAS Y RESPONSABILIDADES EN CASA','',1);
INSERT INTO SSI_UNIDAD_SESIONES(OE_ID_OBJETIVO, SE_NOMBRE, SE_DESCRIPCION, SE_USU_REGISTRA) VALUES(7,'TL-IM-009-REGULACION DE EMOCIONES EN LA NIÑEZ','',1);
INSERT INTO SSI_UNIDAD_SESIONES(OE_ID_OBJETIVO, SE_NOMBRE, SE_DESCRIPCION, SE_USU_REGISTRA) VALUES(7,'TL-IM-010-COMUNICARSE CON ASERTIVIDAD','',1);
INSERT INTO SSI_UNIDAD_SESIONES(OE_ID_OBJETIVO, SE_NOMBRE, SE_DESCRIPCION, SE_USU_REGISTRA) VALUES(7,'TL-IM-012-MANEJO DE CONDUCTAS DESAFIANTES','',1);
INSERT INTO SSI_UNIDAD_SESIONES(OE_ID_OBJETIVO, SE_NOMBRE, SE_DESCRIPCION, SE_USU_REGISTRA) VALUES(7,'TL-IM-013-LAS CONSECUENCIAS EDUCATIVAS','',1);
INSERT INTO SSI_UNIDAD_SESIONES(OE_ID_OBJETIVO, SE_NOMBRE, SE_DESCRIPCION, SE_USU_REGISTRA) VALUES(7,'TL-IM-016-LA PARTICIPACION Y LA TOMA DE DESICIONES','',1);
INSERT INTO SSI_UNIDAD_SESIONES(OE_ID_OBJETIVO, SE_NOMBRE, SE_DESCRIPCION, SE_USU_REGISTRA) VALUES(7,'GEN007-PRAC001-APLICANDO LA CRIANZA POSITIVA EN NIÑOS DE 0 A 6 MESES','',1);
INSERT INTO SSI_UNIDAD_SESIONES(OE_ID_OBJETIVO, SE_NOMBRE, SE_DESCRIPCION, SE_USU_REGISTRA) VALUES(7,'GEN008-PRAC001-APLICANDO LA CRIANZA POSITIVA EN NIÑOS DE 6 A 12 MESES','',1);
INSERT INTO SSI_UNIDAD_SESIONES(OE_ID_OBJETIVO, SE_NOMBRE, SE_DESCRIPCION, SE_USU_REGISTRA) VALUES(7,'GEN009-PRAC001-APLICANDO LA CRIANZA POSITIVA EN NIÑOS DE 1 A 3 AÑOS','',1);
INSERT INTO SSI_UNIDAD_SESIONES(OE_ID_OBJETIVO, SE_NOMBRE, SE_DESCRIPCION, SE_USU_REGISTRA) VALUES(7,'GEN010-PRAC001-APLICANDO LA CRIANZA POSITIVA EN NIÑOS DE 3 A 5 AÑOS','',1);
INSERT INTO SSI_UNIDAD_SESIONES(OE_ID_OBJETIVO, SE_NOMBRE, SE_DESCRIPCION, SE_USU_REGISTRA) VALUES(7,'TL-PI-006-LEER Y COMENTAR CUENTOS','',1);
INSERT INTO SSI_UNIDAD_SESIONES(OE_ID_OBJETIVO, SE_NOMBRE, SE_DESCRIPCION, SE_USU_REGISTRA) VALUES(7,'TL-PI-011-LA IMPORTANCIA DE LAS RUTINAS PARA DESARROLLAR AUTONOMIA','',1);
INSERT INTO SSI_UNIDAD_SESIONES(OE_ID_OBJETIVO, SE_NOMBRE, SE_DESCRIPCION, SE_USU_REGISTRA) VALUES(7,'TL-PI-016-LA SOCIALIZACION DE LAS NIÑAS Y NIÑOS','',1);
INSERT INTO SSI_UNIDAD_SESIONES(OE_ID_OBJETIVO, SE_NOMBRE, SE_DESCRIPCION, SE_USU_REGISTRA) VALUES(7,'GEN013-PRAC001-APLICANDO LA CRIANZA POSITIVA EN NIÑOS DE 14 A 18 AÑOS','',1);
INSERT INTO SSI_UNIDAD_SESIONES(OE_ID_OBJETIVO, SE_NOMBRE, SE_DESCRIPCION, SE_USU_REGISTRA) VALUES(7,'TL-PA-004-AUTONOMIA E INDEPENDENCIA','',1);
INSERT INTO SSI_UNIDAD_SESIONES(OE_ID_OBJETIVO, SE_NOMBRE, SE_DESCRIPCION, SE_USU_REGISTRA) VALUES(7,'TL-PA-005-IDENTIFICACION Y GESTION DE EMOCIONES EN ADOLESCENTES','',1);
INSERT INTO SSI_UNIDAD_SESIONES(OE_ID_OBJETIVO, SE_NOMBRE, SE_DESCRIPCION, SE_USU_REGISTRA) VALUES(7,'TL-PA-007-LIBERTAD Y LIMITES EN LA ADOLESCENCIA','',1);
INSERT INTO SSI_UNIDAD_SESIONES(OE_ID_OBJETIVO, SE_NOMBRE, SE_DESCRIPCION, SE_USU_REGISTRA) VALUES(7,'TL-PA-008-USO DE APARATOS ELECTRONICOS: JUEGOS Y REDES SOCIALES','',1);
INSERT INTO SSI_UNIDAD_SESIONES(OE_ID_OBJETIVO, SE_NOMBRE, SE_DESCRIPCION, SE_USU_REGISTRA) VALUES(7,'TL-PA-013-ENAMORAMIENTO Y CURIOSIDAD SEXUAL EN LA ADOLESCENCIA','',1);
INSERT INTO SSI_UNIDAD_SESIONES(OE_ID_OBJETIVO, SE_NOMBRE, SE_DESCRIPCION, SE_USU_REGISTRA) VALUES(7,'TL-PA-018-PROYECTO DE VIDA ADOLESCENTE','',1);
INSERT INTO SSI_UNIDAD_SESIONES(OE_ID_OBJETIVO, SE_NOMBRE, SE_DESCRIPCION, SE_USU_REGISTRA) VALUES(8,'TL-IM-006-ORIENTACIONES PARA EL USO DE TECNOLOGIAS','',1);
INSERT INTO SSI_UNIDAD_SESIONES(OE_ID_OBJETIVO, SE_NOMBRE, SE_DESCRIPCION, SE_USU_REGISTRA) VALUES(8,'TL-IM-007-PROMOVER LA AUTONOMIA Y AUTOESTIMA','',1);
INSERT INTO SSI_UNIDAD_SESIONES(OE_ID_OBJETIVO, SE_NOMBRE, SE_DESCRIPCION, SE_USU_REGISTRA) VALUES(8,'TL-IM-014-EL ACOSO ESCOLAR O EL BULLYING','',1);
INSERT INTO SSI_UNIDAD_SESIONES(OE_ID_OBJETIVO, SE_NOMBRE, SE_DESCRIPCION, SE_USU_REGISTRA) VALUES(8,'TL-IM-018-PREVENIR EL ABUSO SEXUAL INFANTIL','',1);
INSERT INTO SSI_UNIDAD_SESIONES(OE_ID_OBJETIVO, SE_NOMBRE, SE_DESCRIPCION, SE_USU_REGISTRA) VALUES(8,'TL-PI-001-LACTANCIA MATERNA','',1);
INSERT INTO SSI_UNIDAD_SESIONES(OE_ID_OBJETIVO, SE_NOMBRE, SE_DESCRIPCION, SE_USU_REGISTRA) VALUES(8,'TL-PI-002-ALIMENTACION RESPONSIVA','',1);
INSERT INTO SSI_UNIDAD_SESIONES(OE_ID_OBJETIVO, SE_NOMBRE, SE_DESCRIPCION, SE_USU_REGISTRA) VALUES(8,'TL-PI-007-ESPACIOS SEGUROS PARA LA EXPLORACION','',1);
INSERT INTO SSI_UNIDAD_SESIONES(OE_ID_OBJETIVO, SE_NOMBRE, SE_DESCRIPCION, SE_USU_REGISTRA) VALUES(8,'TL-PI-017-PARTICIPACION Y TOMA DE DECISIONES PARA NIÑAS Y NIÑOS','',1);
INSERT INTO SSI_UNIDAD_SESIONES(OE_ID_OBJETIVO, SE_NOMBRE, SE_DESCRIPCION, SE_USU_REGISTRA) VALUES(8,'TL-PI-018-EXPLORACION Y DESCUBRIMIENTO DEL PROPIO CUERPO','',1);
INSERT INTO SSI_UNIDAD_SESIONES(OE_ID_OBJETIVO, SE_NOMBRE, SE_DESCRIPCION, SE_USU_REGISTRA) VALUES(8,'TL-PI-019-PREVENCION DEL ABUSO SEXUAL INFANTIL','',1);
INSERT INTO SSI_UNIDAD_SESIONES(OE_ID_OBJETIVO, SE_NOMBRE, SE_DESCRIPCION, SE_USU_REGISTRA) VALUES(8,'TL-PA-001-RELACION CON LOS ALIMENTOS EN LA ADOLESCENCIA','',1);
INSERT INTO SSI_UNIDAD_SESIONES(OE_ID_OBJETIVO, SE_NOMBRE, SE_DESCRIPCION, SE_USU_REGISTRA) VALUES(8,'TL-PA-003-ALERTAS Y PELIGROS DE UNA IMAGEN CORPORAL NEGATIVA','',1);
INSERT INTO SSI_UNIDAD_SESIONES(OE_ID_OBJETIVO, SE_NOMBRE, SE_DESCRIPCION, SE_USU_REGISTRA) VALUES(8,'TL-PA-006-CONDUCTAS DE RIESGO EN LA ADOLESCENCIA','',1);
INSERT INTO SSI_UNIDAD_SESIONES(OE_ID_OBJETIVO, SE_NOMBRE, SE_DESCRIPCION, SE_USU_REGISTRA) VALUES(8,'TL-PA-011-SITUACIONES DE BULLYING O ACOSO EN LA ADOLESCENCIA','',1);
INSERT INTO SSI_UNIDAD_SESIONES(OE_ID_OBJETIVO, SE_NOMBRE, SE_DESCRIPCION, SE_USU_REGISTRA) VALUES(8,'TL-PA-012-ROLES EN EL BULLYING O ACOSO ESCOLAR','',1);
INSERT INTO SSI_UNIDAD_SESIONES(OE_ID_OBJETIVO, SE_NOMBRE, SE_DESCRIPCION, SE_USU_REGISTRA) VALUES(8,'TL-PA-014-PREVENCION DE ITS Y EMBARAZO ADOLESCENTE','',1);
INSERT INTO SSI_UNIDAD_SESIONES(OE_ID_OBJETIVO, SE_NOMBRE, SE_DESCRIPCION, SE_USU_REGISTRA) VALUES(8,'TL-PA-015-PREVENCION Y ALERTAS FRENTE A ABUSO SEXUAL','',1);
INSERT INTO SSI_UNIDAD_SESIONES(OE_ID_OBJETIVO, SE_NOMBRE, SE_DESCRIPCION, SE_USU_REGISTRA) VALUES(8,'TL-PA-017-COMO INVOLUCRARSE EN LA VIDA DE LAS Y LOS ADOLESCENTES','',1);
INSERT INTO SSI_UNIDAD_SESIONES(OE_ID_OBJETIVO, SE_NOMBRE, SE_DESCRIPCION, SE_USU_REGISTRA) VALUES(9,'GEN001-LA CRIANZA POSITIVA','',1);
INSERT INTO SSI_UNIDAD_SESIONES(OE_ID_OBJETIVO, SE_NOMBRE, SE_DESCRIPCION, SE_USU_REGISTRA) VALUES(9,'TL-RP-006-APRENDIENDO A DISCUTIR CON CALMA','',1);
INSERT INTO SSI_UNIDAD_SESIONES(OE_ID_OBJETIVO, SE_NOMBRE, SE_DESCRIPCION, SE_USU_REGISTRA) VALUES(9,'TL-RP-007-APRENDIENDO A LLEGAR A ACUERDOS','',1);
INSERT INTO SSI_UNIDAD_SESIONES(OE_ID_OBJETIVO, SE_NOMBRE, SE_DESCRIPCION, SE_USU_REGISTRA) VALUES(9,'TL-RP-008-APRENDIENDO A TENER CONVERSACIONES DIFICILES','',1);
INSERT INTO SSI_UNIDAD_SESIONES(OE_ID_OBJETIVO, SE_NOMBRE, SE_DESCRIPCION, SE_USU_REGISTRA) VALUES(9,'TL-RP-009-TRABAJANDO EN EQUIPO POR EL BIENESTAR DE NUESTRAS HIJAS E HIJOS','',1);
INSERT INTO SSI_UNIDAD_SESIONES(OE_ID_OBJETIVO, SE_NOMBRE, SE_DESCRIPCION, SE_USU_REGISTRA) VALUES(9,'GEN011-¿COMO PIENSAN Y SIENTEN LOS NIÑOS DE 6 A 9 AÑOS?','',1);
INSERT INTO SSI_UNIDAD_SESIONES(OE_ID_OBJETIVO, SE_NOMBRE, SE_DESCRIPCION, SE_USU_REGISTRA) VALUES(9,'GEN012-¿COMO PIENSAN Y SIENTEN LOS NIÑOS DE 10 A 13 AÑOS?','',1);
INSERT INTO SSI_UNIDAD_SESIONES(OE_ID_OBJETIVO, SE_NOMBRE, SE_DESCRIPCION, SE_USU_REGISTRA) VALUES(9,'TL-IM-011-EL VALOR DE LA AMISTAD EN LA INFANCIA MEDIA','',1);
INSERT INTO SSI_UNIDAD_SESIONES(OE_ID_OBJETIVO, SE_NOMBRE, SE_DESCRIPCION, SE_USU_REGISTRA) VALUES(9,'GEN007-¿COMO PIENSAN Y SIENTEN LOS NIÑOS DE 0 A 6 MESES?','',1);
INSERT INTO SSI_UNIDAD_SESIONES(OE_ID_OBJETIVO, SE_NOMBRE, SE_DESCRIPCION, SE_USU_REGISTRA) VALUES(9,'GEN008-¿COMO PIENSAN Y SIENTEN LOS NIÑOS DE 6 A 12 MESES?','',1);
INSERT INTO SSI_UNIDAD_SESIONES(OE_ID_OBJETIVO, SE_NOMBRE, SE_DESCRIPCION, SE_USU_REGISTRA) VALUES(9,'GEN009-¿COMO PIENSAN Y SIENTEN LOS NIÑOS DE 1 A 3 AÑOS?','',1);
INSERT INTO SSI_UNIDAD_SESIONES(OE_ID_OBJETIVO, SE_NOMBRE, SE_DESCRIPCION, SE_USU_REGISTRA) VALUES(9,'GEN010-¿COMO PIENSAN Y SIENTEN LOS NIÑOS DE 3 A 5 AÑOS?','',1);
INSERT INTO SSI_UNIDAD_SESIONES(OE_ID_OBJETIVO, SE_NOMBRE, SE_DESCRIPCION, SE_USU_REGISTRA) VALUES(9,'TL-PI-012-REGULACION DE EMOCIONES Y COMPORTAMIENTO','',1);
INSERT INTO SSI_UNIDAD_SESIONES(OE_ID_OBJETIVO, SE_NOMBRE, SE_DESCRIPCION, SE_USU_REGISTRA) VALUES(9,'TL-PI-013-COMPRENDER Y ACOMPAÑAR LAS PATALETAS','',1);
INSERT INTO SSI_UNIDAD_SESIONES(OE_ID_OBJETIVO, SE_NOMBRE, SE_DESCRIPCION, SE_USU_REGISTRA) VALUES(9,'TL-PI-014-CASTIGO VS REPARACION','',1);
INSERT INTO SSI_UNIDAD_SESIONES(OE_ID_OBJETIVO, SE_NOMBRE, SE_DESCRIPCION, SE_USU_REGISTRA) VALUES(9,'GEN013-¿COMO PIENSAN Y SIENTEN LOS NIÑOS DE 14 A 18 AÑOS?','',1);
INSERT INTO SSI_UNIDAD_SESIONES(OE_ID_OBJETIVO, SE_NOMBRE, SE_DESCRIPCION, SE_USU_REGISTRA) VALUES(9,'TL-AP-001-IDENTIFICANDO MIS EMOCIONES','',1);
INSERT INTO SSI_UNIDAD_SESIONES(OE_ID_OBJETIVO, SE_NOMBRE, SE_DESCRIPCION, SE_USU_REGISTRA) VALUES(9,'TL-AP-002-LAS EMOCIONES Y YO','',1);
INSERT INTO SSI_UNIDAD_SESIONES(OE_ID_OBJETIVO, SE_NOMBRE, SE_DESCRIPCION, SE_USU_REGISTRA) VALUES(9,'TL-AP-003-CONOCIENDO MI ESTRES','',1);
INSERT INTO SSI_UNIDAD_SESIONES(OE_ID_OBJETIVO, SE_NOMBRE, SE_DESCRIPCION, SE_USU_REGISTRA) VALUES(9,'TL-AP-004-RELACIONANDOME CON MI ESTRES','',1);
INSERT INTO SSI_UNIDAD_SESIONES(OE_ID_OBJETIVO, SE_NOMBRE, SE_DESCRIPCION, SE_USU_REGISTRA) VALUES(9,'TL-AP-005-DISTANCIANDOME DE LOS PENSAMIENTOS PERSEGUIDORES','',1);
INSERT INTO SSI_UNIDAD_SESIONES(OE_ID_OBJETIVO, SE_NOMBRE, SE_DESCRIPCION, SE_USU_REGISTRA) VALUES(9,'TL-AP-008-APRENDIENDO A RELAJARME','',1);
INSERT INTO SSI_UNIDAD_SESIONES(OE_ID_OBJETIVO, SE_NOMBRE, SE_DESCRIPCION, SE_USU_REGISTRA) VALUES(9,'TL-AP-010-CUIDANDO MI SALUD MENTAL','',1);
INSERT INTO SSI_UNIDAD_SESIONES(OE_ID_OBJETIVO, SE_NOMBRE, SE_DESCRIPCION, SE_USU_REGISTRA) VALUES(9,'TL-PA-019-CONSTRUCCION DE LA IDENTIDAD Y ACEPTACION INCONDICIONAL','',1);
INSERT INTO SSI_UNIDAD_SESIONES(OE_ID_OBJETIVO, SE_NOMBRE, SE_DESCRIPCION, SE_USU_REGISTRA) VALUES(9,'TL-PA-020-REPARACION Y PERDON','',1);
INSERT INTO SSI_UNIDAD_SESIONES(OE_ID_OBJETIVO, SE_NOMBRE, SE_DESCRIPCION, SE_USU_REGISTRA) VALUES(10,'ORIENTACIÓN EN COMPETENCIAS VINCULARES','',1);
INSERT INTO SSI_UNIDAD_SESIONES(OE_ID_OBJETIVO, SE_NOMBRE, SE_DESCRIPCION, SE_USU_REGISTRA) VALUES(10,'ORIENTACIÓN EN COMPETENCIAS FORMATIVAS','',1);
INSERT INTO SSI_UNIDAD_SESIONES(OE_ID_OBJETIVO, SE_NOMBRE, SE_DESCRIPCION, SE_USU_REGISTRA) VALUES(10,'ORIENTACIÓN EN COMPETENCIAS PROTECTORAS','',1);
INSERT INTO SSI_UNIDAD_SESIONES(OE_ID_OBJETIVO, SE_NOMBRE, SE_DESCRIPCION, SE_USU_REGISTRA) VALUES(10,'ORIENTACIÓN EN COMPETENCIAS REFLEXIVAS','',1);
INSERT INTO SSI_UNIDAD_SESIONES(OE_ID_OBJETIVO, SE_NOMBRE, SE_DESCRIPCION, SE_USU_REGISTRA) VALUES(10,'ACOMPAÑAMIENTO','',1);
INSERT INTO SSI_UNIDAD_SESIONES(OE_ID_OBJETIVO, SE_NOMBRE, SE_DESCRIPCION, SE_USU_REGISTRA) VALUES(11,'EVALUACION INTERMEDIA','',1);
INSERT INTO SSI_UNIDAD_SESIONES(OE_ID_OBJETIVO, SE_NOMBRE, SE_DESCRIPCION, SE_USU_REGISTRA) VALUES(11,'EVALUACION FINAL','',1);
INSERT INTO SSI_UNIDAD_SESIONES(OE_ID_OBJETIVO, SE_NOMBRE, SE_DESCRIPCION, SE_USU_REGISTRA) VALUES(12,'REPASO Y CIERRE','',1);
INSERT INTO SSI_UNIDAD_SESIONES(OE_ID_OBJETIVO, SE_NOMBRE, SE_DESCRIPCION, SE_USU_REGISTRA) VALUES(13,'Sesión de Prevención de Violencia Sexual en Niños y Niñas (0-5 años)','',1);
INSERT INTO SSI_UNIDAD_SESIONES(OE_ID_OBJETIVO, SE_NOMBRE, SE_DESCRIPCION, SE_USU_REGISTRA) VALUES(13,'Sesión de Empoderamiento a Cuidadores: Previniendo la Violencia Sexual en Niñas y Niños (6-11 años)','',1);
INSERT INTO SSI_UNIDAD_SESIONES(OE_ID_OBJETIVO, SE_NOMBRE, SE_DESCRIPCION, SE_USU_REGISTRA) VALUES(13,'Sesión de Acompañamiento a Cuidadores: Prevención de la Violencia Sexual en la Adolescencia (12-17 años)','',1);

-- * 6. `SSI_TALLERES`
INSERT INTO SSI_TALLERES(SE_ID_SESION, TA_NOMBRE, TA_DESCRIPCION, TA_USU_REGISTRA) VALUES(21,'Taller 1','Aprendiendo nuestro rol parental',1);
INSERT INTO SSI_TALLERES(SE_ID_SESION, TA_NOMBRE, TA_DESCRIPCION, TA_USU_REGISTRA) VALUES(21,'Taller 2','Estresores en la transición de la parentalidad y maternidad',1);
INSERT INTO SSI_TALLERES(SE_ID_SESION, TA_NOMBRE, TA_DESCRIPCION, TA_USU_REGISTRA) VALUES(22,'Taller 1','Estilos de crianza y crianza positiva.',1);
INSERT INTO SSI_TALLERES(SE_ID_SESION, TA_NOMBRE, TA_DESCRIPCION, TA_USU_REGISTRA) VALUES(22,'Taller 2','Patrones de socialización diferenciada y promoción del empoderamiento de las niñas y adolescentes mujeres.',1);
INSERT INTO SSI_TALLERES(SE_ID_SESION, TA_NOMBRE, TA_DESCRIPCION, TA_USU_REGISTRA) VALUES(23,'Taller 1','Manejo de las emociones frente a las crisis en las familias',1);
INSERT INTO SSI_TALLERES(SE_ID_SESION, TA_NOMBRE, TA_DESCRIPCION, TA_USU_REGISTRA) VALUES(23,'Taller 2','Orientaciones para mejorar las prácticas de crianza',1);
INSERT INTO SSI_TALLERES(SE_ID_SESION, TA_NOMBRE, TA_DESCRIPCION, TA_USU_REGISTRA) VALUES(24,'Taller 1','Análisis de la comunicación en familia',1);
INSERT INTO SSI_TALLERES(SE_ID_SESION, TA_NOMBRE, TA_DESCRIPCION, TA_USU_REGISTRA) VALUES(24,'Taller 2','¿Como me comunico con mis hijos e hijas?',1);
INSERT INTO SSI_TALLERES(SE_ID_SESION, TA_NOMBRE, TA_DESCRIPCION, TA_USU_REGISTRA) VALUES(25,'Taller 1','Identificación de problemas en la comunicación en las familias.',1);
INSERT INTO SSI_TALLERES(SE_ID_SESION, TA_NOMBRE, TA_DESCRIPCION, TA_USU_REGISTRA) VALUES(25,'Taller 2','Habilidades para mejorar el dialogo y la resolución de conflictos en las familias',1);
INSERT INTO SSI_TALLERES(SE_ID_SESION, TA_NOMBRE, TA_DESCRIPCION, TA_USU_REGISTRA) VALUES(26,'Taller 1','Como manejar las emociones intensas en las familias.',1);
INSERT INTO SSI_TALLERES(SE_ID_SESION, TA_NOMBRE, TA_DESCRIPCION, TA_USU_REGISTRA) VALUES(27,'Taller 1','Autoestima y valoración personal en mujeres cabeza de familia',1);
INSERT INTO SSI_TALLERES(SE_ID_SESION, TA_NOMBRE, TA_DESCRIPCION, TA_USU_REGISTRA) VALUES(28,'Taller 1','Fortaleciendo mi escudo de valores',1);
INSERT INTO SSI_TALLERES(SE_ID_SESION, TA_NOMBRE, TA_DESCRIPCION, TA_USU_REGISTRA) VALUES(29,'Taller 1','Malos hábitos que afectan la armonía de mi hogar',1);
INSERT INTO SSI_TALLERES(SE_ID_SESION, TA_NOMBRE, TA_DESCRIPCION, TA_USU_REGISTRA) VALUES(30,'Taller 1','Competencias parentales',1);
INSERT INTO SSI_TALLERES(SE_ID_SESION, TA_NOMBRE, TA_DESCRIPCION, TA_USU_REGISTRA) VALUES(30,'Taller 2','Estresores en la transición de la maternidad y la paternidad',1);
INSERT INTO SSI_TALLERES(SE_ID_SESION, TA_NOMBRE, TA_DESCRIPCION, TA_USU_REGISTRA) VALUES(31,'Taller 1','Tipos de crianza y fortalecimiento de la crianza democrática',1);
INSERT INTO SSI_TALLERES(SE_ID_SESION, TA_NOMBRE, TA_DESCRIPCION, TA_USU_REGISTRA) VALUES(31,'Taller 2','Patrones de socialización diferenciada y promoción del empoderamiento de las niñas y adolescentes mujeres.',1);
INSERT INTO SSI_TALLERES(SE_ID_SESION, TA_NOMBRE, TA_DESCRIPCION, TA_USU_REGISTRA) VALUES(32,'Taller 1','Manejo de las emociones frente a las crisis en las familias',1);
INSERT INTO SSI_TALLERES(SE_ID_SESION, TA_NOMBRE, TA_DESCRIPCION, TA_USU_REGISTRA) VALUES(32,'Taller 2','Orientaciones para mejorar las prácticas de crianza frente a los factores estresores',1);
INSERT INTO SSI_TALLERES(SE_ID_SESION, TA_NOMBRE, TA_DESCRIPCION, TA_USU_REGISTRA) VALUES(33,'Taller 1','Cambios durante el proceso de gestación y parto (salud mental)',1);
INSERT INTO SSI_TALLERES(SE_ID_SESION, TA_NOMBRE, TA_DESCRIPCION, TA_USU_REGISTRA) VALUES(33,'Taller 2','Depresión post parto y estrés en la dinámica familiar',1);
INSERT INTO SSI_TALLERES(SE_ID_SESION, TA_NOMBRE, TA_DESCRIPCION, TA_USU_REGISTRA) VALUES(34,'Taller 1','Formación del vínculo – apego seguro',1);
INSERT INTO SSI_TALLERES(SE_ID_SESION, TA_NOMBRE, TA_DESCRIPCION, TA_USU_REGISTRA) VALUES(34,'Taller 2','Vínculo afectivo con el padre y demás integrantes de la familia',1);
INSERT INTO SSI_TALLERES(SE_ID_SESION, TA_NOMBRE, TA_DESCRIPCION, TA_USU_REGISTRA) VALUES(35,'Taller 1','Identificando las circunstancias de riesgo de desprotección en la familia',1);
INSERT INTO SSI_TALLERES(SE_ID_SESION, TA_NOMBRE, TA_DESCRIPCION, TA_USU_REGISTRA) VALUES(35,'Taller 2','Fortalecemos los lazos familiares a través de la gestión de emociones',1);
INSERT INTO SSI_TALLERES(SE_ID_SESION, TA_NOMBRE, TA_DESCRIPCION, TA_USU_REGISTRA) VALUES(36,'Taller 1','Patrones de socialización diferenciada para varones y mujeres.',1);
INSERT INTO SSI_TALLERES(SE_ID_SESION, TA_NOMBRE, TA_DESCRIPCION, TA_USU_REGISTRA) VALUES(36,'Taller 2','Diferenciación de responsabilidades y obligaciones de varones y mujeres en las familias.',1);
INSERT INTO SSI_TALLERES(SE_ID_SESION, TA_NOMBRE, TA_DESCRIPCION, TA_USU_REGISTRA) VALUES(37,'Taller 1','Derechos y deberes de los padres, madres y personas responsables de la crianza de niños, niñas y adolescentes.',1);
INSERT INTO SSI_TALLERES(SE_ID_SESION, TA_NOMBRE, TA_DESCRIPCION, TA_USU_REGISTRA) VALUES(37,'Taller 2','Funciones de cuidado y protección; formadora; afectiva; socializadora, seguridad y protección económica.',1);
INSERT INTO SSI_TALLERES(SE_ID_SESION, TA_NOMBRE, TA_DESCRIPCION, TA_USU_REGISTRA) VALUES(38,'Taller 1','Beneficios de los varones al involucrarse en las responsabilidades y obligaciones familiares.',1);
INSERT INTO SSI_TALLERES(SE_ID_SESION, TA_NOMBRE, TA_DESCRIPCION, TA_USU_REGISTRA) VALUES(39,'Taller 1','¿Cómo son nuestras prácticas en las familias?',1);
INSERT INTO SSI_TALLERES(SE_ID_SESION, TA_NOMBRE, TA_DESCRIPCION, TA_USU_REGISTRA) VALUES(39,'Taller 2','Orientaciones para promover relaciones igualitarias.',1);
INSERT INTO SSI_TALLERES(SE_ID_SESION, TA_NOMBRE, TA_DESCRIPCION, TA_USU_REGISTRA) VALUES(40,'Taller 1','Masculinidades y el ejercicio de la paternidad.',1);
INSERT INTO SSI_TALLERES(SE_ID_SESION, TA_NOMBRE, TA_DESCRIPCION, TA_USU_REGISTRA) VALUES(40,'Taller 2','Paternidad activa y corresponsable.',1);
INSERT INTO SSI_TALLERES(SE_ID_SESION, TA_NOMBRE, TA_DESCRIPCION, TA_USU_REGISTRA) VALUES(41,'Taller 1','Distribución igualitaria del trabajo no remunerado.',1);
INSERT INTO SSI_TALLERES(SE_ID_SESION, TA_NOMBRE, TA_DESCRIPCION, TA_USU_REGISTRA) VALUES(41,'Taller 2','Erradicación de patrones de socialización diferenciada.',1);
INSERT INTO SSI_TALLERES(SE_ID_SESION, TA_NOMBRE, TA_DESCRIPCION, TA_USU_REGISTRA) VALUES(42,'Taller 1','Practicas que refuerzan relaciones autoritarias.',1);
INSERT INTO SSI_TALLERES(SE_ID_SESION, TA_NOMBRE, TA_DESCRIPCION, TA_USU_REGISTRA) VALUES(42,'Taller 2','Actitudes y conductas socio culturales que trascienden las relaciones de pareja.',1);
INSERT INTO SSI_TALLERES(SE_ID_SESION, TA_NOMBRE, TA_DESCRIPCION, TA_USU_REGISTRA) VALUES(43,'Taller 1','Comportamientos y actitudes que afectan las relaciones igualitarias en las parejas.',1);
INSERT INTO SSI_TALLERES(SE_ID_SESION, TA_NOMBRE, TA_DESCRIPCION, TA_USU_REGISTRA) VALUES(43,'Taller 2','Relaciones de pareja en condiciones de igualdad.',1);
INSERT INTO SSI_TALLERES(SE_ID_SESION, TA_NOMBRE, TA_DESCRIPCION, TA_USU_REGISTRA) VALUES(44,'Taller 1','¿cómo fue la comunicación en la familia de origen? (comunicación entre padres y entre abuelos).',1);
INSERT INTO SSI_TALLERES(SE_ID_SESION, TA_NOMBRE, TA_DESCRIPCION, TA_USU_REGISTRA) VALUES(44,'Taller 2','¿Cómo me gustaría que fuera la comunicación con mi pareja?',1);
INSERT INTO SSI_TALLERES(SE_ID_SESION, TA_NOMBRE, TA_DESCRIPCION, TA_USU_REGISTRA) VALUES(45,'Taller 1','Como podemos resolver los conflictos en pareja.',1);
INSERT INTO SSI_TALLERES(SE_ID_SESION, TA_NOMBRE, TA_DESCRIPCION, TA_USU_REGISTRA) VALUES(45,'Taller 2','Técnicas para la resolución de conflictos.',1);
INSERT INTO SSI_TALLERES(SE_ID_SESION, TA_NOMBRE, TA_DESCRIPCION, TA_USU_REGISTRA) VALUES(46,'Taller 1','Conociendo las circunstancias de riesgo de desprotección.',1);
INSERT INTO SSI_TALLERES(SE_ID_SESION, TA_NOMBRE, TA_DESCRIPCION, TA_USU_REGISTRA) VALUES(46,'Taller 2','Visibilizando actitudes que afectan las relaciones de pareja.',1);
INSERT INTO SSI_TALLERES(SE_ID_SESION, TA_NOMBRE, TA_DESCRIPCION, TA_USU_REGISTRA) VALUES(47,'Taller 1','Negociación y acuerdos de pareja.',1);
INSERT INTO SSI_TALLERES(SE_ID_SESION, TA_NOMBRE, TA_DESCRIPCION, TA_USU_REGISTRA) VALUES(47,'Taller 2','Comunicándonos en pareja.',1);
INSERT INTO SSI_TALLERES(TE_ID_TEMA, TA_NOMBRE, TA_DESCRIPCION, TA_USU_REGISTRA) VALUES(2,'Taller 1','Goleando a mis deudas',1);
INSERT INTO SSI_TALLERES(TE_ID_TEMA, TA_NOMBRE, TA_DESCRIPCION, TA_USU_REGISTRA) VALUES(2,'Taller 2','Implementación de cartillas “Organización del presupuesto familiar en mi hogar”',1);
INSERT INTO SSI_TALLERES(TE_ID_TEMA, TA_NOMBRE, TA_DESCRIPCION, TA_USU_REGISTRA) VALUES(4,'Taller 1','Fortalecimiento de la empatía',1);
INSERT INTO SSI_TALLERES(TE_ID_TEMA, TA_NOMBRE, TA_DESCRIPCION, TA_USU_REGISTRA) VALUES(4,'Taller 2','Estableciendo nuestras convicciones',1);
INSERT INTO SSI_TALLERES(TE_ID_TEMA, TA_NOMBRE, TA_DESCRIPCION, TA_USU_REGISTRA) VALUES(4,'Taller 3','Descubriendo mi FODA personal',1);
INSERT INTO SSI_TALLERES(TE_ID_TEMA, TA_NOMBRE, TA_DESCRIPCION, TA_USU_REGISTRA) VALUES(5,'Taller 1','Promoviendo el pensamiento reflexivo',1);
INSERT INTO SSI_TALLERES(TE_ID_TEMA, TA_NOMBRE, TA_DESCRIPCION, TA_USU_REGISTRA) VALUES(6,'Taller 1','¿Cómo llegamos hasta aquí?',1);
INSERT INTO SSI_TALLERES(TE_ID_TEMA, TA_NOMBRE, TA_DESCRIPCION, TA_USU_REGISTRA) VALUES(6,'Taller 2','¿Qué nos toca hacer?',1);
INSERT INTO SSI_TALLERES(TE_ID_TEMA, TA_NOMBRE, TA_DESCRIPCION, TA_USU_REGISTRA) VALUES(6,'Taller 3',' Prácticas saludables para la resolución de conflictos',1);
INSERT INTO SSI_TALLERES(TE_ID_TEMA, TA_NOMBRE, TA_DESCRIPCION, TA_USU_REGISTRA) VALUES(6,'Taller 4','Fortaleciendo mi autoconocimiento y cuidado personal',1);

INSERT INTO SSI_TALLERES(TE_ID_TEMA, TA_NOMBRE, TA_DESCRIPCION, TA_USU_REGISTRA) VALUES(2,'Taller 1','Goleando a mis deudas',1);
INSERT INTO SSI_TALLERES(TE_ID_TEMA, TA_NOMBRE, TA_DESCRIPCION, TA_USU_REGISTRA) VALUES(2,'Taller 2','Implementación de cartillas “Organización del presupuesto familiar en mi hogar”',1);
INSERT INTO SSI_TALLERES(TE_ID_TEMA, TA_NOMBRE, TA_DESCRIPCION, TA_USU_REGISTRA) VALUES(4,'Taller 1','Fortalecimiento de la empatía',1);
INSERT INTO SSI_TALLERES(TE_ID_TEMA, TA_NOMBRE, TA_DESCRIPCION, TA_USU_REGISTRA) VALUES(4,'Taller 2','Estableciendo nuestras convicciones',1);
INSERT INTO SSI_TALLERES(TE_ID_TEMA, TA_NOMBRE, TA_DESCRIPCION, TA_USU_REGISTRA) VALUES(4,'Taller 3','Descubriendo mi FODA personal',1);
INSERT INTO SSI_TALLERES(TE_ID_TEMA, TA_NOMBRE, TA_DESCRIPCION, TA_USU_REGISTRA) VALUES(5,'Taller 1','Promoviendo el pensamiento reflexivo',1);
INSERT INTO SSI_TALLERES(TE_ID_TEMA, TA_NOMBRE, TA_DESCRIPCION, TA_USU_REGISTRA) VALUES(6,'Taller 1','¿Cómo llegamos hasta aquí?',1);
INSERT INTO SSI_TALLERES(TE_ID_TEMA, TA_NOMBRE, TA_DESCRIPCION, TA_USU_REGISTRA) VALUES(6,'Taller 2','¿Qué nos toca hacer?',1);
INSERT INTO SSI_TALLERES(TE_ID_TEMA, TA_NOMBRE, TA_DESCRIPCION, TA_USU_REGISTRA) VALUES(6,'Taller 3',' Prácticas saludables para la resolución de conflictos',1);
INSERT INTO SSI_TALLERES(TE_ID_TEMA, TA_NOMBRE, TA_DESCRIPCION, TA_USU_REGISTRA) VALUES(6,'Taller 4','Fortaleciendo mi autoconocimiento y cuidado personal',1);



SELECT 
   t.* 
FROM SSI_OBJETIVOS_ESPECIFICOS o
JOIN SSI_MODULOS m ON o.OE_ID_OBJETIVO = m.OE_ID_OBJETIVO
JOIN SSI_UNIDADES u ON m.MO_ID_MODULO = u.MO_ID_MODULO
JOIN SSI_UNIDAD_SESIONES s ON u.UN_ID_UNIDAD = s.UN_ID_UNIDAD
JOIN SSI_TALLERES t ON s.SE_ID_SESION = t.SE_ID_SESION
WHERE
   o.OE_ID_OBJETIVO IN (1, 2)
   AND t.TA_DESCRIPCION IS NOT NULL
/


INSERT INTO SSI_TALLERES(SE_ID_SESION, TA_NOMBRE, TA_DESCRIPCION, TA_USU_REGISTRA) VALUES(1,'No aplica','No aplica',1);
INSERT INTO SSI_TALLERES(SE_ID_SESION, TA_NOMBRE, TA_DESCRIPCION, TA_USU_REGISTRA) VALUES(2,'No aplica','No aplica',1);
INSERT INTO SSI_TALLERES(SE_ID_SESION, TA_NOMBRE, TA_DESCRIPCION, TA_USU_REGISTRA) VALUES(3,'No aplica','No aplica',1);
INSERT INTO SSI_TALLERES(SE_ID_SESION, TA_NOMBRE, TA_DESCRIPCION, TA_USU_REGISTRA) VALUES(4,'No aplica','No aplica',1);
INSERT INTO SSI_TALLERES(SE_ID_SESION, TA_NOMBRE, TA_DESCRIPCION, TA_USU_REGISTRA) VALUES(5,'No aplica','No aplica',1);
INSERT INTO SSI_TALLERES(SE_ID_SESION, TA_NOMBRE, TA_DESCRIPCION, TA_USU_REGISTRA) VALUES(6,'No aplica','No aplica',1);
INSERT INTO SSI_TALLERES(SE_ID_SESION, TA_NOMBRE, TA_DESCRIPCION, TA_USU_REGISTRA) VALUES(7,'No aplica','No aplica',1);
INSERT INTO SSI_TALLERES(SE_ID_SESION, TA_NOMBRE, TA_DESCRIPCION, TA_USU_REGISTRA) VALUES(8,'No aplica','No aplica',1);
INSERT INTO SSI_TALLERES(SE_ID_SESION, TA_NOMBRE, TA_DESCRIPCION, TA_USU_REGISTRA) VALUES(9,'No aplica','No aplica',1);
INSERT INTO SSI_TALLERES(SE_ID_SESION, TA_NOMBRE, TA_DESCRIPCION, TA_USU_REGISTRA) VALUES(10,'No aplica','No aplica',1);
INSERT INTO SSI_TALLERES(SE_ID_SESION, TA_NOMBRE, TA_DESCRIPCION, TA_USU_REGISTRA) VALUES(11,'No aplica','No aplica',1);
INSERT INTO SSI_TALLERES(SE_ID_SESION, TA_NOMBRE, TA_DESCRIPCION, TA_USU_REGISTRA) VALUES(12,'No aplica','No aplica',1);
INSERT INTO SSI_TALLERES(SE_ID_SESION, TA_NOMBRE, TA_DESCRIPCION, TA_USU_REGISTRA) VALUES(13,'No aplica','No aplica',1);
INSERT INTO SSI_TALLERES(SE_ID_SESION, TA_NOMBRE, TA_DESCRIPCION, TA_USU_REGISTRA) VALUES(14,'No aplica','No aplica',1);
INSERT INTO SSI_TALLERES(SE_ID_SESION, TA_NOMBRE, TA_DESCRIPCION, TA_USU_REGISTRA) VALUES(15,'No aplica','No aplica',1);
INSERT INTO SSI_TALLERES(SE_ID_SESION, TA_NOMBRE, TA_DESCRIPCION, TA_USU_REGISTRA) VALUES(16,'No aplica','No aplica',1);
INSERT INTO SSI_TALLERES(SE_ID_SESION, TA_NOMBRE, TA_DESCRIPCION, TA_USU_REGISTRA) VALUES(17,'No aplica','No aplica',1);
INSERT INTO SSI_TALLERES(SE_ID_SESION, TA_NOMBRE, TA_DESCRIPCION, TA_USU_REGISTRA) VALUES(18,'No aplica','No aplica',1);
INSERT INTO SSI_TALLERES(SE_ID_SESION, TA_NOMBRE, TA_DESCRIPCION, TA_USU_REGISTRA) VALUES(19,'No aplica','No aplica',1);
INSERT INTO SSI_TALLERES(SE_ID_SESION, TA_NOMBRE, TA_DESCRIPCION, TA_USU_REGISTRA) VALUES(20,'No aplica','No aplica',1);
INSERT INTO SSI_TALLERES(SE_ID_SESION, TA_NOMBRE, TA_DESCRIPCION, TA_USU_REGISTRA) VALUES(21,'No aplica','No aplica',1);
INSERT INTO SSI_TALLERES(SE_ID_SESION, TA_NOMBRE, TA_DESCRIPCION, TA_USU_REGISTRA) VALUES(22,'No aplica','No aplica',1);
INSERT INTO SSI_TALLERES(SE_ID_SESION, TA_NOMBRE, TA_DESCRIPCION, TA_USU_REGISTRA) VALUES(23,'No aplica','No aplica',1);
INSERT INTO SSI_TALLERES(SE_ID_SESION, TA_NOMBRE, TA_DESCRIPCION, TA_USU_REGISTRA) VALUES(24,'No aplica','No aplica',1);
INSERT INTO SSI_TALLERES(SE_ID_SESION, TA_NOMBRE, TA_DESCRIPCION, TA_USU_REGISTRA) VALUES(25,'No aplica','No aplica',1);
INSERT INTO SSI_TALLERES(SE_ID_SESION, TA_NOMBRE, TA_DESCRIPCION, TA_USU_REGISTRA) VALUES(26,'No aplica','No aplica',1);
INSERT INTO SSI_TALLERES(SE_ID_SESION, TA_NOMBRE, TA_DESCRIPCION, TA_USU_REGISTRA) VALUES(27,'No aplica','No aplica',1);


-- ! COMMIT;

SELECT * FROM SSI_TALLERES t
ORDER BY t.TA_ID_TALLER DESC;

DELETE FROM SSI_TALLERES t
WHERE t.TA_ID_TALLER IN (
   287,
   286,
   285,
   284,
   283,
   282,
   281,
   262,
   261
);

-- ! COMMIT;


-- * 6. `SSI_TALLERES` CEDIF
INSERT INTO SSI_TALLERES(TA_NOMBRE, TA_DESCRIPCION, TA_USU_REGISTRA) VALUES('Estimulación temprana','',1);
INSERT INTO SSI_TALLERES(TA_NOMBRE, TA_DESCRIPCION, TA_USU_REGISTRA) VALUES('Aprestamiento básico','',1);
INSERT INTO SSI_TALLERES(TA_NOMBRE, TA_DESCRIPCION, TA_USU_REGISTRA) VALUES('Acompañamiento y seguimiento de las acciones educativas','',1);
INSERT INTO SSI_TALLERES(TA_NOMBRE, TA_DESCRIPCION, TA_USU_REGISTRA) VALUES('Promoción de la lectura','',1);
INSERT INTO SSI_TALLERES(TA_NOMBRE, TA_DESCRIPCION, TA_USU_REGISTRA) VALUES('Participación en Taller de identificación de factores de riesgo y de protección para la prevención de la violencia familiar / abuso sexual y maltrato infantil','',1);
INSERT INTO SSI_TALLERES(TA_NOMBRE, TA_DESCRIPCION, TA_USU_REGISTRA) VALUES('Prevención del Embarazo en los Adolescentes','',1);
INSERT INTO SSI_TALLERES(TA_NOMBRE, TA_DESCRIPCION, TA_USU_REGISTRA) VALUES('Entrenamiento en Hábitos de Aseo Personal e Higiene Alimentaria','',1);
INSERT INTO SSI_TALLERES(TA_NOMBRE, TA_DESCRIPCION, TA_USU_REGISTRA) VALUES('Autoestima','',1);
INSERT INTO SSI_TALLERES(TA_NOMBRE, TA_DESCRIPCION, TA_USU_REGISTRA) VALUES('Reforzamiento de valores','',1);
INSERT INTO SSI_TALLERES(TA_NOMBRE, TA_DESCRIPCION, TA_USU_REGISTRA) VALUES('Liderazgo','',1);
INSERT INTO SSI_TALLERES(TA_NOMBRE, TA_DESCRIPCION, TA_USU_REGISTRA) VALUES('Manejo y resolución de conflictos','',1);
INSERT INTO SSI_TALLERES(TA_NOMBRE, TA_DESCRIPCION, TA_USU_REGISTRA) VALUES('Proyecto de Vida','',1);
INSERT INTO SSI_TALLERES(TA_NOMBRE, TA_DESCRIPCION, TA_USU_REGISTRA) VALUES('Prevención del trabajo forzoso','',1);
INSERT INTO SSI_TALLERES(TA_NOMBRE, TA_DESCRIPCION, TA_USU_REGISTRA) VALUES('Prevenir la discriminación y promover la aceptación de la diversidad étnico - cultural','',1);
INSERT INTO SSI_TALLERES(TA_NOMBRE, TA_DESCRIPCION, TA_USU_REGISTRA) VALUES('Desarrollo de la Responsabilidad Social en los/las adolescentes','',1);
INSERT INTO SSI_TALLERES(TA_NOMBRE, TA_DESCRIPCION, TA_USU_REGISTRA) VALUES('Prevenir para Proteger','',1);
INSERT INTO SSI_TALLERES(TA_NOMBRE, TA_DESCRIPCION, TA_USU_REGISTRA) VALUES('Sensibilización, identificación y/o derivación oportuna de presunción de riesgo suicida','',1);
INSERT INTO SSI_TALLERES(TA_NOMBRE, TA_DESCRIPCION, TA_USU_REGISTRA) VALUES('Música','',1);
INSERT INTO SSI_TALLERES(TA_NOMBRE, TA_DESCRIPCION, TA_USU_REGISTRA) VALUES('Teatro','',1);
INSERT INTO SSI_TALLERES(TA_NOMBRE, TA_DESCRIPCION, TA_USU_REGISTRA) VALUES('Danzas','',1);
INSERT INTO SSI_TALLERES(TA_NOMBRE, TA_DESCRIPCION, TA_USU_REGISTRA) VALUES('Dibujo y pintura','',1);
INSERT INTO SSI_TALLERES(TA_NOMBRE, TA_DESCRIPCION, TA_USU_REGISTRA) VALUES('Manualidades','',1);
INSERT INTO SSI_TALLERES(TA_NOMBRE, TA_DESCRIPCION, TA_USU_REGISTRA) VALUES('Artes marciales','',1);
INSERT INTO SSI_TALLERES(TA_NOMBRE, TA_DESCRIPCION, TA_USU_REGISTRA) VALUES('Vóley / Fútbol','',1);
INSERT INTO SSI_TALLERES(TA_NOMBRE, TA_DESCRIPCION, TA_USU_REGISTRA) VALUES('Básquet','',1);
INSERT INTO SSI_TALLERES(TA_NOMBRE, TA_DESCRIPCION, TA_USU_REGISTRA) VALUES('Juegos de mesa','',1);
INSERT INTO SSI_TALLERES(TA_NOMBRE, TA_DESCRIPCION, TA_USU_REGISTRA) VALUES('Manejo de Bicicleta','',1);
INSERT INTO SSI_TALLERES(TA_NOMBRE, TA_DESCRIPCION, TA_USU_REGISTRA) VALUES('Encuentro de adolescentes usuarias/os de los CEDIF','',1);
INSERT INTO SSI_TALLERES(TA_NOMBRE, TA_DESCRIPCION, TA_USU_REGISTRA) VALUES('Paseos - visitas ','',1);
INSERT INTO SSI_TALLERES(TA_NOMBRE, TA_DESCRIPCION, TA_USU_REGISTRA) VALUES('Computación','',1);
INSERT INTO SSI_TALLERES(TA_NOMBRE, TA_DESCRIPCION, TA_USU_REGISTRA) VALUES('Industria del vestido (textil)','',1);
INSERT INTO SSI_TALLERES(TA_NOMBRE, TA_DESCRIPCION, TA_USU_REGISTRA) VALUES('Cosmetología','',1);
INSERT INTO SSI_TALLERES(TA_NOMBRE, TA_DESCRIPCION, TA_USU_REGISTRA) VALUES('Manualidades','',1);
INSERT INTO SSI_TALLERES(TA_NOMBRE, TA_DESCRIPCION, TA_USU_REGISTRA) VALUES('Repostería - Minichef','',1);
INSERT INTO SSI_TALLERES(TA_NOMBRE, TA_DESCRIPCION, TA_USU_REGISTRA) VALUES('Psicomotricidad','',1);
INSERT INTO SSI_TALLERES(TA_NOMBRE, TA_DESCRIPCION, TA_USU_REGISTRA) VALUES('Grafomotricidad','',1);
INSERT INTO SSI_TALLERES(TA_NOMBRE, TA_DESCRIPCION, TA_USU_REGISTRA) VALUES('Escuela Familiar','',1);
INSERT INTO SSI_TALLERES(TA_NOMBRE, TA_DESCRIPCION, TA_USU_REGISTRA) VALUES('Orientación familiar','',1);
INSERT INTO SSI_TALLERES(TA_NOMBRE, TA_DESCRIPCION, TA_USU_REGISTRA) VALUES('Prevenir para Proteger','',1);
INSERT INTO SSI_TALLERES(TA_NOMBRE, TA_DESCRIPCION, TA_USU_REGISTRA) VALUES('Sensibilización, identificación y/o derivación oportuna de presunción de riesgo suicida','',1);
INSERT INTO SSI_TALLERES(TA_NOMBRE, TA_DESCRIPCION, TA_USU_REGISTRA) VALUES('Consejería Familiar','',1);
INSERT INTO SSI_TALLERES(TA_NOMBRE, TA_DESCRIPCION, TA_USU_REGISTRA) VALUES('Educación alimentaria','',1);
INSERT INTO SSI_TALLERES(TA_NOMBRE, TA_DESCRIPCION, TA_USU_REGISTRA) VALUES('Paseos familiares','',1);
INSERT INTO SSI_TALLERES(TA_NOMBRE, TA_DESCRIPCION, TA_USU_REGISTRA) VALUES('Gymkana familiar','',1);
INSERT INTO SSI_TALLERES(TA_NOMBRE, TA_DESCRIPCION, TA_USU_REGISTRA) VALUES('Juegos de mesa ','',1);
INSERT INTO SSI_TALLERES(TA_NOMBRE, TA_DESCRIPCION, TA_USU_REGISTRA) VALUES('Cine familiar','',1);
INSERT INTO SSI_TALLERES(TA_NOMBRE, TA_DESCRIPCION, TA_USU_REGISTRA) VALUES('Industria del vestido (costura)','',1);
INSERT INTO SSI_TALLERES(TA_NOMBRE, TA_DESCRIPCION, TA_USU_REGISTRA) VALUES('Cosmetología','',1);
INSERT INTO SSI_TALLERES(TA_NOMBRE, TA_DESCRIPCION, TA_USU_REGISTRA) VALUES('Manualidades','',1);
INSERT INTO SSI_TALLERES(TA_NOMBRE, TA_DESCRIPCION, TA_USU_REGISTRA) VALUES('Repostería','',1);
INSERT INTO SSI_TALLERES(TA_NOMBRE, TA_DESCRIPCION, TA_USU_REGISTRA) VALUES('Ferias de emprendimiento','',1);
INSERT INTO SSI_TALLERES(TA_NOMBRE, TA_DESCRIPCION, TA_USU_REGISTRA) VALUES('Educación financiera u organización de la economía familiar','',1);
